<?xml version="1.0" encoding="utf-8"?><feed xmlns="http://www.w3.org/2005/Atom" ><generator uri="https://jekyllrb.com/" version="4.3.2">Jekyll</generator><link href="/rosolini/feed.xml" rel="self" type="application/atom+xml" /><link href="/rosolini/" rel="alternate" type="text/html" /><updated>2023-10-20T16:02:37+02:00</updated><id>/rosolini/feed.xml</id><title type="html">Effectiveness and Continuity in Categorical Logic</title><subtitle>A workshop dedicated to Pino Rosolini on the occasion of his 70th birthday</subtitle><author><name>Genoa Logic Group</name></author></feed>